{
  "pools": [
    {
      "rolls": 1,
      "entries": [
        {
          "type": "minecraft:loot_table",
          "weight": 1,
          "name": "expansion:items/spaceship_mods/blaster_1"
        },
        {
          "type": "minecraft:loot_table",
          "weight": 1,
          "name": "expansion:items/spaceship_mods/speed_mk3"
        },
        {
          "type": "minecraft:loot_table",
          "weight": 1,
          "name": "expansion:items/spaceship_mods/fuel_mk3"
        }
      ]
    },
    {
      "rolls": 1,
      "entries": [
        {
          "type": "minecraft:loot_table",
          "weight": 1,
          "name": "expansion:items/modules/warming"
        }
      ]
    },
    {
      "rolls": 4,
      "entries": [
        {
          "type": "minecraft:loot_table",
          "weight": 1,
          "name": "expansion:items/materials/vulcanium_shard",
          "functions": [
            {
              "function": "minecraft:set_count",
              "count": {
                "min": 5,
                "max": 8
              }
            }
          ]
        },
        {
          "type": "minecraft:item",
          "weight": 2,
          "name": "minecraft:diamond",
          "functions": [
            {
              "function": "minecraft:set_count",
              "count": {
                "min": 5,
                "max": 8
              }
            }
          ]
        },
        {
          "type": "minecraft:item",
          "weight": 1,
          "name": "minecraft:emerald",
          "functions": [
            {
              "function": "minecraft:set_count",
              "count": {
                "min": 5,
                "max": 8
              }
            }
          ]
        },
        {
          "type": "minecraft:item",
          "weight": 1,
          "name": "minecraft:lapis_lazuli",
          "functions": [
            {
              "function": "minecraft:set_count",
              "count": {
                "min": 10,
                "max": 8
              }
            }
          ]
        }
      ]
    },
    {
      "rolls": 16,
      "entries": [
        {
          "type": "minecraft:item",
          "weight": 1,
          "name": "minecraft:black_concrete_powder",
          "functions": [
            {
              "function": "minecraft:set_count",
              "count": {
                "min": 10,
                "max": 15
              }
            }
          ]
        },
        {
          "type": "minecraft:item",
          "weight": 1,
          "name": "minecraft:blackstone",
          "functions": [
            {
              "function": "minecraft:set_count",
              "count": {
                "min": 10,
                "max": 15
              }
            }
          ]
        },
        {
          "type": "minecraft:item",
          "weight": 1,
          "name": "minecraft:basalt",
          "functions": [
            {
              "function": "minecraft:set_count",
              "count": {
                "min": 10,
                "max": 15
              }
            }
          ]
        }
      ]
    }
  ]
}
