{
  "pools": [
    {
      "rolls": 1,
      "entries": [
        {
          "type": "minecraft:item",
          "name": "minecraft:carrot_on_a_stick",
          "functions": [
            {
              "function": "minecraft:set_name",
              "name": {
                "text": "Tristan_Arthur",
                "color": "white",
                "italic": false,
                "bold": true
              },
              "entity": "this"
            },
            {
              "function": "minecraft:set_nbt",
              "tag": "{contributer_statue:1b,tristan:1b,CustomModelData:1012401}"
            },
            {
              "function": "minecraft:set_lore",
              "lore": [
                {
                  "text": "Grandmaster Architect",
                  "color": "blue",
                  "bold": true
                },
                {
                  "text": "",
                  "color": "aqua"
                },
                {
                  "text": "Builder of the:",
                  "color": "aqua",
                  "underlined": true
                },
                {
                  "text": "- Mars Cannon",
                  "color": "aqua"
                },
                {
                  "text": "- Mars Mech",
                  "color": "aqua"
                },
                {
                  "text": "",
                  "color": "aqua"
                },
                {
                  "text": "Contributer to the:",
                  "color": "aqua",
                  "underlined": true
                },
                {
                  "text": "- Warbase",
                  "color": "aqua"
                },
                {
                  "text": "- Railgunship",
                  "color": "aqua"
                },
                {
                  "text": "",
                  "color": "aqua"
                },
                {
                  "text": "Thank you Tristan_Arthur!",
                  "color": "aqua"
                }
              ]
            }
          ]
        }
      ]
    }
  ]
}
