{
  "pools": [
    {
      "rolls": 1,
      "entries": [
        {
          "type": "minecraft:item",
          "name": "minecraft:mossy_cobblestone_slab",
          "functions": [
            {
              "function": "minecraft:set_nbt",
              "tag": "{cryonite_ore:1b,CustomModelData:123456,BlockStateTag:{type:\"double\",waterlogged:\"true\"}}"
            },
            {
              "function": "minecraft:set_name",
              "name": {
                "translate": "exp_blocks_cryoniteore_name",
                "italic": false
              },
              "entity": "this"
            }
          ]
        }
      ]
    }
  ]
}
