{
  "effects": {
    "sky_color": 16757596,
    "foliage_color": 2933548,
    "grass_color": 1955613,
    "fog_color": 16748564,
    "water_color": 6394,
    "water_fog_color": 6394
  },
  "carvers": {},
  "features": [
    [],
    [],
    [],
    [],
    [],
    [],
    [],
    [
      "minecraft:spring_open",
      "minecraft:glowstone_extra",
      "minecraft:glowstone",
      "minecraft:ore_magma",
      "minecraft:spring_closed",
      "minecraft:ore_gravel_nether",
      "minecraft:blackstone_blobs",
      "minecraft:ore_gold_nether",
      "minecraft:ore_quartz_nether",
      "minecraft:ore_ancient_debris_large",
      "minecraft:ore_debris_small"
    ],
    [
      "expansion:mars/ores/cryonite_ore"
    ],
    [
      "minecraft:spring_lava",
      "minecraft:brown_mushroom_normal",
      "minecraft:red_mushroom_normal",
      "minecraft:warped_forest_vegetation",
      "minecraft:nether_sprouts",
      "minecraft:twisting_vines",
      "expansion:mars/nether_edge/warped_fungus"
    ]
  ],
  "spawners": {
    "water_ambient": [],
    "ambient": [],
    "misc": [],
    "water_creature": [],
    "creature": [],
    "monster": []
  },
  "spawn_costs": {},
  "temperature": 0.5,
  "temperature_modifier": "none",
  "downfall": 0.5,
  "has_precipitation": false
}
