{
    "pools": [
      {
        "rolls": 1,
        "entries": [
          {
            "type": "minecraft:item",
            "name": "minecraft:jigsaw",
            "functions": [
              {
                "function": "minecraft:set_name",
                "name": {
                  "translate": "exp_items_robotarm_name",
                  "italic": false
                },
                "entity": "this"
              },
              {
                "function": "minecraft:set_nbt",
                "tag": "{robot_arm:1b,crafting_count:1b,CustomModelData:123487}"
              }
            ]
          }
        ]
      }
    ]
  }
  