{
    "parent": "expansion:progression/trade_spaceship",
    "display": {
        "title": {
            "translate": "exp_advancement_lacrymae_title"
        },
        "description": {
            "translate": "exp_advancement_lacrymae_desc"
        },
        "icon": {
            "item": "minecraft:potion",
            "nbt": "{CustomPotionColor:6160481,CustomPotionEffects:[{Id:1b,Amplifier:4b,Duration:600,ShowParticles:0b},{Id:3b,Amplifier:4b,Duration:600,ShowParticles:0b},{Id:5b,Amplifier:4b,Duration:600,ShowParticles:0b},{Id:7b,Amplifier:1b,Duration:1,ShowParticles:0b},{Id:9b,Amplifier:4b,Duration:1200,ShowParticles:0b},{Id:19b,Amplifier:1b,Duration:1200,ShowParticles:0b},{Id:24b,Amplifier:4b,Duration:1200,ShowParticles:0b}]}"
        },
        "frame": "task",
        "show_toast": true,
        "announce_to_chat": false,
        "hidden": false
    },
    "criteria": {
        "expansion:extract_lacrymae": {
            "trigger": "minecraft:inventory_changed",
            "conditions": {
                "items": [
                    {
                        "items": [
                            "minecraft:potion"
                        ],
                        "nbt": "{lacrymae:1b,from_extractor:1b}"
                    }
                ]
            }
        }
    },
    "requirements": [
        [
            "expansion:extract_lacrymae"
        ]
    ]
}
