{
  "pools": [
    {
      "rolls": 1,
      "entries": [
        {
          "type": "minecraft:item",
          "name": "minecraft:carrot_on_a_stick",
          "functions": [
            {
              "function": "minecraft:set_name",
              "name": {
                "translate": "exp_armor_equipment_name",
                "italic": false
              },
              "entity": "this"
            },
            {
              "function": "minecraft:set_nbt",
              "tag": "{Unbreakable:1b,exp_tool:1b,space_equipment:1b,expansion_coas:1b,CustomModelData:1012100}"
            },
            {
              "function": "minecraft:set_lore",
              "lore": [
                {
                  "text": ""
                },
                {
                  "translate": "exp_lore_tooltips"
                },
                {
                  "translate": "exp_armor_equipment_tip1"
                },
                {
                  "translate": "exp_armor_equipment_tip2"
                },
                {
                  "translate": "exp_armor_equipment_tip3"
                },
                {
                  "translate": "exp_armor_equipment_tip4"
                },
                {
                  "translate": "exp_armor_equipment_tip5"
                }
              ]
            },
            {
              "function": "minecraft:set_attributes",
              "modifiers": [
                {
                  "attribute": "minecraft:generic.knockback_resistance",
                  "name": "generic.knockback_resistance",
                  "amount": 1,
                  "operation": "addition",
                  "slot": "head"
                },
                {
                  "attribute": "generic.armor",
                  "name": "generic.armor",
                  "amount": 2,
                  "operation": "addition",
                  "slot": "head"
                }
              ]
            }
          ]
        }
      ]
    }
  ]
}
