{
  "pools": [
    {
      "rolls": 1,
      "entries": [
        {
          "type": "minecraft:item",
          "name": "minecraft:carrot_on_a_stick",
          "functions": [
            {
              "function": "minecraft:set_name",
              "name": {
                "text": "Return Capsule",
                "color": "white",
                "italic": false
              },
              "entity": "this"
            },
            {
              "function": "minecraft:set_nbt",
              "tag": "{Unbreakable:1b,onhead:1b,can_recycle:1b,return_capsule:1b,CustomModelData:1012007}"
            }
          ]
        }
      ]
    }
  ]
}
