{
  "parent": "expansion:progression/moon",
  "display": {
    "title": {
      "translate": "exp_advancement_ehorizon_title"
    },
    "description": {
      "translate": "exp_advancement_ehorizon_desc"
    },
    "icon": {
      "item": "minecraft:blue_concrete"
    },
    "frame": "task",
    "show_toast": true,
    "announce_to_chat": false,
    "hidden": false
  },
  "criteria": {
    "expansion:find_ehorizon": {
      "trigger": "minecraft:location",
      "conditions": {
        "player": {
          "location": {
            "dimension": "expansion:moon",
            "structure": "expansion:moon/event_horizon"
          }
        }
      }
    }
  },
  "requirements": [
    [
      "expansion:find_ehorizon"
    ]
  ]
}
