{
  "parent": "expansion:progression/millennium_falcon",
  "display": {
    "title": {
      "translate": "exp_advancement_mfalconloot_title"
    },
    "description": {
      "translate": "exp_advancement_mfalconloot_desc"
    },
    "icon": {
      "item": "minecraft:chest"
    },
    "frame": "task",
    "show_toast": true,
    "announce_to_chat": false,
    "hidden": false
  },
  "criteria": {
    "expansion:hidden_engine": {
      "trigger": "minecraft:player_generates_container_loot",
      "conditions": {
        "loot_table": "expansion:chests/moon/millennium_falcon/engine_hidden"
      }
    },
    "expansion:hidden_center": {
      "trigger": "minecraft:player_generates_container_loot",
      "conditions": {
        "loot_table": "expansion:chests/moon/millennium_falcon/center_hidden"
      }
    },
    "expansion:hidden_riddle": {
      "trigger": "minecraft:player_generates_container_loot",
      "conditions": {
        "loot_table": "expansion:chests/moon/millennium_falcon/riddle_hidden"
      }
    },
    "expansion:hidden_chairs": {
      "trigger": "minecraft:player_generates_container_loot",
      "conditions": {
        "loot_table": "expansion:chests/moon/millennium_falcon/chairs_hidden"
      }
    }
  },
  "requirements": [
    [
      "expansion:hidden_engine"
    ],
    [
      "expansion:hidden_center"
    ],
    [
      "expansion:hidden_riddle"
    ],
    [
      "expansion:hidden_chairs"
    ]
  ]
}
