[
  {
    "function": "minecraft:copy_nbt",
    "source": {
      "type": "minecraft:storage",
      "source": "expansion:oxygen_tank_lvl"
    },
    "ops": [
      {
        "source": "data.tank_lvl",
        "target": "tank_lvl",
        "op": "replace"
      }
    ]
  },
  {
    "function": "minecraft:copy_nbt",
    "source": {
      "type": "minecraft:storage",
      "source": "expansion:oxygen_tank_lvl"
    },
    "ops": [
      {
        "source": "data.tank_cmd",
        "target": "CustomModelData",
        "op": "replace"
      }
    ]
  },
  {
    "function": "minecraft:set_lore",
    "entity": "this",
    "lore": [
      [
        [
          {
            "translate": "exp_tools_oxygentank_pressure"
          },
          {
            "score": {
              "name": "@s",
              "objective": "exp.fuel_percentage"
            },
            "color": "aqua",
            "bold": true
          },
          {
            "text": "%",
            "color": "aqua",
            "bold": true
          }
        ]
      ],
      {
        "text": ""
      },
      {
        "translate":"exp_lore_tooltips"
      },
      {
        "translate": "exp_tools_oxygentank_tip1"
      },
      {
        "translate": "exp_tools_oxygentank_tip2"
      }
    ],
    "replace": true
  }
]
