{
    "pools": [
      {
        "rolls": 1,
        "entries": [
          {
            "type": "minecraft:item",
            "name": "minecraft:jigsaw",
            "functions": [
              {
                "function": "minecraft:set_name",
                "name": {
                  "translate": "exp_items_gatlingblast_name",
                  "italic": false
                },
                "entity": "this"
              },
              {
                "function": "minecraft:set_nbt",
                "tag": "{spaceship_mod:1b,blaster_mod:1b,id:2b,crafting_count:1b,CustomModelData:123508}"
              },
              {
                "function": "minecraft:set_lore",
                "lore": [
                  {
                    "translate": "exp_items_applyupgrade_tip"
                  },
                  {
                    "text": ""
                  },
                  {
                    "translate": "exp_items_modspecs_tip"
                  },
                  {
                    "translate": "exp_items_gatlingblast_tip1"
                  },
                  {
                    "translate": "exp_items_gatlingblast_tip2"
                  },
                  {
                    "translate": "exp_items_gatlingblast_tip3"
                  },
                  {
                    "translate": "exp_items_gatlingblast_tip4"
                  }
                ]
              }
            ]
          }
        ]
      }
    ]
  }
  