{
    "pools": [
      {
        "rolls": 1,
        "entries": [
          {
            "type": "minecraft:item",
            "name": "minecraft:jigsaw",
            "functions": [
              {
                "function": "minecraft:set_name",
                "name": {
                  "translate": "exp_items_amethoniumingot_name",
                  "italic": false
                },
                "entity": "this"
              },
              {
                "function": "minecraft:set_nbt",
                "tag": "{amethonium_ingot:1b,CustomModelData:123601}"
              }
            ]
          }
        ]
      }
    ]
  }