{
    "parent": "expansion:progression/lacrymae",
    "display": {
        "title": {
            "translate": "exp_advancement_hangover_title"
        },
        "description": {
            "translate": "exp_advancement_hangover_desc"
        },
        "icon": {
            "item": "minecraft:pufferfish"
        },
        "frame": "challenge",
        "show_toast": true,
        "announce_to_chat": true,
        "hidden": true
    },
    "criteria": {
      "requirement": {
        "trigger": "minecraft:consume_item",
        "conditions": {
          "item": {
            "items": [
                "minecraft:potion"
                ],
            "nbt": "{lacrymae:1b}"
          }
        }
      }
    }
  }
  