{
  "parent": "expansion:progression/get_assembler",
  "display": {
    "title": {
      "translate": "exp_advancement_tradeship_title"
    },
    "description": {
      "translate": "exp_advancement_tradeship_desc"
    },
    "icon": {
      "item": "minecraft:carrot_on_a_stick",
      "nbt": "{CustomModelData:1012002}"
    },
    "frame": "goal",
    "show_toast": true,
    "announce_to_chat": true,
    "hidden": false
  },
  "criteria": {
    "expansion:get_spaceship": {
      "trigger": "minecraft:inventory_changed",
      "conditions": {
          "items": [
              {
                  "items": [
                      "minecraft:carrot_on_a_stick"
                  ],
                  "nbt": "{exp_spaceship:1b}"
              }
          ]
      }
    }
  },
  "requirements": [
    [
      "expansion:get_spaceship"
    ]
  ]
}
