{
  "effects": {
    "sky_color": 0,
    "foliage_color": 2933548,
    "grass_color": 1955613,
    "fog_color": 512,
    "water_color": 0,
    "water_fog_color": 512
  },
  "carvers": {},
  "features": [
    [
      "expansion:moon/starsky_caves/stars"
    ],
    [
      "expansion:moon/starsky_caves/lakes"
    ],
    [
      "expansion:moon/starsky_caves/arches"
    ],
    [],
    [
      "expansion:moon/starsky_caves/floor_pillars"
    ],
    [],
    [
      "expansion:moon/ores/titanium",
      "expansion:moon/ores/titanium_lower",
      "expansion:moon/ores/copper",
      "expansion:moon/ores/diamond",
      "expansion:moon/ores/iron",
      "expansion:moon/ores/gold",
      "expansion:moon/ores/lapis"
    ],
    [],
    [],
    [],
    []
  ],
  "spawners": {
    "water_ambient": [],
    "ambient": [],
    "misc": [],
    "water_creature": [],
    "creature": [],
    "monster": []
  },
  "spawn_costs": {},
  "temperature": 0.5,
  "temperature_modifier": "none",
  "downfall": 0.5,
  "has_precipitation": false
}
