{
  "pools": [
    {
      "rolls": 1,
      "entries": [
        {
          "type": "minecraft:item",
          "name": "minecraft:carrot_on_a_stick",
          "functions": [
            {
              "function": "minecraft:set_name",
              "name": {
                "translate": "exp_vehicles_lunarmodule_name",
                "italic": false
              },
              "entity": "this"
            },
            {
              "function": "minecraft:set_nbt",
              "tag": "{Unbreakable:1b,onhead:1b,lunar_module:1b,CustomModelData:1012005}"
            }
          ]
        }
      ]
    }
  ]
}
