[
    {
      "function": "minecraft:copy_nbt",
      "source": {
        "type": "minecraft:storage",
        "source": "exp.custom_durability"
      },
      "ops": [
        {
          "source": "ExpDamage",
          "target": "ExpDamage",
          "op": "replace"
        }
      ]
    },
    {
      "function": "minecraft:set_damage",
      "damage": {
        "type": "minecraft:score",
        "target": {
          "type": "minecraft:fixed",
          "name": "exp.damage"
        },
        "score": "exp.durability",
        "scale": 0.004
      },
      "add": false
    }
  ]