{
    "parent": "expansion:progression/mars",
    "display": {
        "title": {
            "translate": "exp_advancement_getcryonite_title"
        },
        "description": {
            "translate": "exp_advancement_getcryonite_desc"
        },
        "icon": {
            "item": "minecraft:mossy_cobblestone_slab",
            "nbt": "{CustomModelData:123456}"
        },
        "frame": "task",
        "show_toast": true,
        "announce_to_chat": false,
        "hidden": false
    },
    "criteria": {
        "expansion:get_cryonite": {
            "trigger": "minecraft:inventory_changed",
            "conditions": {
                "items": [
                    {
                        "items": [
                            "minecraft:jigsaw"
                        ],
                        "nbt": "{cryonite_crystal:1b}"
                    }
                ]
            }
        }
    },
    "requirements": [
        [
            "expansion:get_cryonite"
        ]
    ]
}
