{
    "parent": "expansion:progression/get_guide",
    "display": {
        "title": {
            "translate": "exp_advancement_getsteel_title"
        },
        "description": {
            "translate": "exp_advancement_getsteel_desc"
        },
        "icon": {
            "item": "minecraft:jigsaw",
            "nbt": "{CustomModelData:123459}"
        },
        "frame": "task",
        "show_toast": true,
        "announce_to_chat": false,
        "hidden": false
    },
    "criteria": {
        "expansion:get_steel": {
            "trigger": "minecraft:inventory_changed",
            "conditions": {
                "items": [
                    {
                        "items": [
                            "minecraft:jigsaw"
                        ],
                        "nbt": "{steel_ingot:1b}"
                    }
                ]
            }
        }
    },
    "requirements": [
        [
            "expansion:get_steel"
        ]
    ]
}
