{
  "parent": "expansion:progression/mars",
  "display": {
    "title": {
      "translate": "exp_advancement_warbase_title"
    },
    "description": {
      "translate": "exp_advancement_warbase_desc"
    },
    "icon": {
      "item": "minecraft:polished_andesite"
    },
    "frame": "task",
    "show_toast": true,
    "announce_to_chat": false,
    "hidden": false
  },
  "criteria": {
    "expansion:find_warbase": {
      "trigger": "minecraft:location",
      "conditions": {
        "player": {
          "location": {
            "dimension": "expansion:mars",
            "structure": "expansion:mars/warbase"
          }
        }
      }
    }
  },
  "requirements": [
    [
      "expansion:find_warbase"
    ]
  ]
}
