{
    "parent": "expansion:progression/get_rocket",
    "display": {
        "title": {
            "translate": "exp_advancement_moon_title"
        },
        "description": {
            "translate": "exp_advancement_moon_desc"
        },
        "icon": {
            "item": "minecraft:player_head",
            "nbt": "{SkullOwner:{Id:[I;863215294,-1780921430,-1773460256,1982824210],Properties:{textures:[{Value:\"eyJ0ZXh0dXJlcyI6eyJTS0lOIjp7InVybCI6Imh0dHA6Ly90ZXh0dXJlcy5taW5lY3JhZnQubmV0L3RleHR1cmUvYzAwYTFhN2JiMDdmZGI0ZTZhODZlMzQxODE2ZTg4NDNkZGFmN2NmMzcxM2EzNjY2ZDc0YjcyZjk4NjE5ZjA2MyJ9fX0=\"}]}}}"
        },
        "frame": "goal",
        "show_toast": true,
        "announce_to_chat": true,
        "hidden": false
    },
    "criteria": {
        "expansion:goto_moon": {
            "trigger": "minecraft:location",
            "conditions": {
                "player": {
                    "location": {
                        "dimension": "expansion:moon"
                    }
                }
            }
        }
    },
    "requirements": [
        [
            "expansion:goto_moon"
        ]
    ]
}
