{
  "parent": "expansion:progression/get_planetarium",
  "display": {
    "title": {
      "translate": "exp_advancement_space_title"
    },
    "description": {
      "translate": "exp_advancement_space_desc"
    },
    "icon": {
      "item": "minecraft:player_head",
      "nbt": "{SkullOwner:{Id:[I;1404869057,1763894256,-907272424,-471909012],Properties:{textures:[{Value:\"eyJ0ZXh0dXJlcyI6eyJTS0lOIjp7InVybCI6Imh0dHA6Ly90ZXh0dXJlcy5taW5lY3JhZnQubmV0L3RleHR1cmUvOWQzZDI1MGUyNWJiY2EzYTYyYmU1YjNlZjAyY2ZjYWI2ZGNkYzQyNDg4NGM5YTdkNWNjOTVjOWQwIn19fQ==\"}]}}}"
    },
    "frame": "task",
    "show_toast": true,
    "announce_to_chat": true,
    "hidden": false
  },
  "criteria": {
    "expansion:goto_space": {
      "trigger": "minecraft:location",
      "conditions": {
        "player": {
          "equipment": {
            "head": {
              "items": [
                "minecraft:carrot_on_a_stick"
              ],
              "nbt": "{exp_spaceship:1b,onhead:1b}"
            }
          },
          "location": {
            "dimension": "expansion:space"
          }
        }
      }
    }
  },
  "requirements": [
    [
      "expansion:goto_space"
    ]
  ]
}
