{
  "pools": [
    {
      "rolls": 1,
      "entries": [
        {
          "type": "minecraft:item",
          "name": "minecraft:carrot_on_a_stick",
          "functions": [
            {
              "function": "minecraft:set_name",
              "name": {
                "translate": "exp_items_rocketbottom_name",
                "italic": false
              },
              "entity": "this"
            },
            {
              "function": "minecraft:set_nbt",
              "tag": "{rocket_bottom:1b,rocket_part:1b,crafting_count:1b,expansion_coas:1b,exp_block:1b,CustomModelData:1012296}"
            },
            {
              "function": "minecraft:set_lore",
              "lore": [
                {
                  "translate": "exp_lore_tooltips"
                },
                {
                  "translate": "exp_items_rocketpart_tip"
                },
                {
                  "translate": "exp_items_rocketbottom_tip1"
                }
              ]
            }
          ]
        }
      ]
    }
  ]
}
