{
  "pools": [
    {
      "rolls": 1,
      "entries": [
        {
          "type": "minecraft:item",
          "name": "minecraft:jigsaw",
          "functions": [
            {
              "function": "minecraft:set_name",
              "name": {
                "translate": "exp_items_steelingot_name",
                "italic": false
              },
              "entity": "this"
            },
            {
              "function": "minecraft:set_nbt",
              "tag": "{steel_ingot:1b,CustomModelData:123459}"
            },
            {
              "function": "minecraft:set_count",
              "count": {
                "min": 10,
                "max": 30
              }
            }
          ]
        }
      ]
    }
  ]
}
