{
  "pools": [
    {
      "rolls": 1,
      "entries": [
        {
          "type": "minecraft:item",
          "name": "minecraft:jigsaw",
          "functions": [
            {
              "function": "minecraft:set_name",
              "name": {
                "translate": "exp_modules_warming_name",
                "italic": false
              },
              "entity": "this"
            },
            {
              "function": "minecraft:set_nbt",
              "tag": "{exp_module:1b,warming_module:1b,crafting_count:1b,CustomModelData:123483}"
            },
            {
              "function": "minecraft:set_lore",
              "lore": [
                {
                  "translate": "exp_modules_all_tip1"
                },
                {
                  "translate": "exp_modules_warming_tip2"
                }
              ]
            }
          ]
        }
      ]
    }
  ]
}
