{
  "pools": [
    {
      "rolls": 1,
      "entries": [
        {
          "type": "minecraft:item",
          "name": "minecraft:carrot_on_a_stick",
          "functions": [
            {
              "function": "minecraft:set_name",
              "name": {
                "translate": "exp_tools_pocketspace_return_name",
                "italic": false
              },
              "entity": "this"
            },
            {
              "function": "minecraft:set_nbt",
              "tag": "{Unbreakable:1b,exp_tool:1b,pocket_space_return:1b,expansion_coas:1b,CustomModelData:1012204}"
            },
            {
              "function": "minecraft:set_lore",
              "lore": []
            }
          ]
        }
      ]
    }
  ]
}
