{
    "pools": [
      {
        "rolls": 1,
        "entries": [
          {
            "type": "minecraft:item",
            "name": "minecraft:iron_shovel",
            "functions": [
              {
                "function": "minecraft:set_nbt",
                "tag": "{steel_shovel:1b,crafting_amount:1b,ExpDamage:0b,ExpDurability:1200,CustomModelData:1012000}"
              },
              {
                "function": "minecraft:set_name",
                "entity": "this",
                "name": {
                  "text": "Steel Shovel",
                  "italic": false
                }
              }
            ]
          }
        ]
      }
    ]
  }
  