{
    "type": "minecraft:entity",
    "pools": [
      {
        "rolls": 2,
        "bonus_rolls": 0,
        "entries": [
          {
            "type": "minecraft:loot_table",
            "name": "expansion:items/steel/steel_ingot",
            "functions": [
              {
                "function": "minecraft:set_count",
                "count": {
                  "type": "minecraft:uniform",
                  "min": 1,
                  "max": 2
                },
                "add": false
              },
              {
                "function": "minecraft:looting_enchant",
                "count": {
                  "type": "minecraft:uniform",
                  "min": 0,
                  "max": 1
                }
              }
            ]
          },
          {
            "type": "minecraft:loot_table",
            "name": "expansion:items/simple_mechanism",
            "functions": [
              {
                "function": "minecraft:set_count",
                "count": {
                  "type": "minecraft:uniform",
                  "min": 0,
                  "max": 1
                },
                "add": false
              },
              {
                "function": "minecraft:looting_enchant",
                "count": {
                  "type": "minecraft:uniform",
                  "min": 0,
                  "max": 1
                }
              }
            ]
          },
          {
            "type": "minecraft:loot_table",
            "name": "expansion:items/copper_wire",
            "functions": [
              {
                "function": "minecraft:set_count",
                "count": {
                  "type": "minecraft:uniform",
                  "min": 0,
                  "max": 2
                },
                "add": false
              },
              {
                "function": "minecraft:looting_enchant",
                "count": {
                  "type": "minecraft:uniform",
                  "min": 0,
                  "max": 1
                }
              }
            ]
          }
        ]
      },
      {
        "rolls": 1,
        "bonus_rolls": 0,
        "entries": [
          {
            "type": "minecraft:loot_table",
            "name": "expansion:items/computing_core",
            "functions": [
              {
                "function": "minecraft:set_count",
                "count": {
                  "type": "minecraft:uniform",
                  "min": 0,
                  "max": 1
                },
                "add": false
              },
              {
                "function": "minecraft:looting_enchant",
                "count": {
                  "type": "minecraft:uniform",
                  "min": 0,
                  "max": 1
                }
              }
            ]
          }
        ]
      }
    ]
  }
  