{
    "pools": [
      {
        "rolls": 1,
        "entries": [
          {
            "type": "minecraft:item",
            "name": "minecraft:carrot_on_a_stick",
            "functions": [
              {
                "function": "minecraft:set_name",
                "name": {
                  "translate": "exp_cntrp_assembler_name",
                  "italic": false
                },
                "entity": "this"
              },
              {
                "function": "minecraft:set_nbt",
                "tag": "{Unbreakable:1b,assembler_placer:1b,exp_block:1b,expansion_coas:1b,CustomModelData:1012050}"
              }
            ]
          }
        ]
      }
    ]
  }
  