{
    "pools": [
      {
        "rolls": 1,
        "entries": [
          {
            "type": "minecraft:item",
            "name": "minecraft:jigsaw",
            "functions": [
              {
                "function": "minecraft:set_name",
                "name": {
                  "translate": "exp_items_fuelmod_name",
                  "italic": false
                },
                "entity": "this"
              },
              {
                "function": "minecraft:set_nbt",
                "tag": "{spaceship_mod:1b,fuel_mod:1b,mk:3b,value:150l,crafting_count:1b,CustomModelData:123505}"
              },
              {
                "function": "minecraft:set_lore",
                "lore": [
                  {
                    "translate": "exp_items_applyupgrade_tip"
                  },
                  {
                    "text": ""
                  },
                  {
                    "translate": "exp_items_modspecs_tip"
                  },
                  {
                    "translate": "exp_items_mk3_name"
                  },
                  {
                    "translate": "exp_items_fuelmodmk3_tip1"
                  }
                ]
              }
            ]
          }
        ]
      }
    ]
  }
  