{
  "pools": [
    {
      "rolls": 1,
      "entries": [
        {
          "type": "minecraft:item",
          "name": "minecraft:potion",
          "functions": [
            {
              "function": "minecraft:set_name",
              "name": {
                "translate": "exp_fuel_lacrymae_name",
                "italic": false
              }
            },
            {
              "function": "minecraft:set_nbt",
              "tag": "{lacrymae:1b,from_extractor:1b,custom_potion_effects:[{id:\"minecraft:speed\",amplifier:4b,duration:600,show_particles:0b},{id:\"minecraft:haste\",amplifier:4b,duration:600,show_particles:0b},{id:\"minecraft:strength\",amplifier:4b,duration:600,show_particles:0b},{id:\"minecraft:instant_damage\",amplifier:1b,duration:1,show_particles:0b},{id:\"minecraft:nausea\",amplifier:4b,duration:1200,show_particles:0b},{id:\"minecraft:poison\",amplifier:1b,duration:1200,show_particles:0b},{id:\"minecraft:glowing\",amplifier:4b,duration:1200,show_particles:0b}],CustomPotionColor:6160481,HideFlags:63}"
            },
            {
              "function": "minecraft:set_lore",
              "lore": [
                {
                  "translate": "exp_lore_tooltips"
                },
                {
                  "translate": "exp_fuel_lacrymae_tip1"
                },
                {
                  "translate": "exp_fuel_lacrymae_tip2"
                }
              ]
            }
          ]
        }
      ]
    }
  ]
}
