{
  "pools": [
    {
      "rolls": 1,
      "entries": [
        {
          "type": "minecraft:item",
          "name": "minecraft:iron_boots",
          "functions": [
            {
              "function": "minecraft:set_name",
              "name": {
                "translate": "exp_armor_rocketboots_name",
                "italic": false
              },
              "entity": "this"
            },
            {
              "function": "minecraft:set_nbt",
              "tag": "{rocket_boots:1b,CustomModelData:1012001}"
            },
            {
              "function": "minecraft:set_lore",
              "lore": [
                {
                  "translate": "exp_lore_tooltips"
                },
                {
                  "translate": "exp_armor_rocketboots_tip1"
                },
                {
                  "translate": "exp_armor_rocketboots_tip2"
                }
              ]
            }
          ]
        }
      ]
    }
  ]
}
